Align,DE,Dir,GeneName,,,,,,,,,
Sailfish,DEseq2,Up,FBtr0085105,,,,,,,,,
Sailfish,DEseq2,Up,FBtr0073120,,,,,,,,,
Sailfish,DEseq2,Up,FBtr0339391,,,,,,,,,
Sailfish,DEseq2,Up,FBtr0086613,,,,,,,,,
Sailfish,DEseq2,Up,FBtr0304990,,,,,,,,,
Sailfish,DEseq2,Up,FBtr0337020,,,,,,,,,
Sailfish,DEseq2,Up,FBtr0083467,,,,,,,,,
Sailfish,DEseq2,Up,FBtr0073974,,,,,,,,,
Sailfish,DEseq2,Up,FBtr0084465,,,,,,,,,
Sailfish,DEseq2,Up,FBtr0305263,,,,,,,,,
Sailfish,DEseq2,Up,FBtr0333326,,,,,,,,,
Sailfish,DEseq2,Up,FBtr0080171,,,,,,,,,
Sailfish,DEseq2,Up,FBtr0076545,,,,,,,,,
Sailfish,DEseq2,Up,FBtr0082992,,,,,,,,,
Sailfish,DEseq2,Up,FBtr0300272,,,,,,,,,
Sailfish,DEseq2,Up,FBtr0083552,,,,,,,,,
Sailfish,DEseq2,Up,FBtr0082522,,,,,,,,,
Sailfish,DEseq2,Up,FBtr0084911,,,,,,,,,
Sailfish,DEseq2,Up,FBtr0342890,,,,,,,,,
Sailfish,DEseq2,Up,FBtr0332167,,,,,,,,,
Sailfish,DEseq2,Up,FBtr0075699,,,,,,,,,
Sailfish,DEseq2,Up,FBtr0273275,,,,,,,,,
Sailfish,DEseq2,Up,FBtr0302977,,,,,,,,,
Sailfish,DEseq2,Up,FBtr0081257,,,,,,,,,
Sailfish,DEseq2,Up,FBtr0344288,,,,,,,,,
Sailfish,DEseq2,Up,FBtr0080839,,,,,,,,,
Sailfish,DEseq2,Up,FBtr0333059,,,,,,,,,
Sailfish,DEseq2,Up,FBtr0340135,,,,,,,,,
Sailfish,DEseq2,Up,FBtr0087820,,,,,,,,,
Sailfish,DEseq2,Up,FBtr0333659,,,,,,,,,
Sailfish,DEseq2,Up,FBtr0331844,,,,,,,,,
Sailfish,DEseq2,Up,FBtr0072635,,,,,,,,,
Sailfish,DEseq2,Up,FBtr0076453,,,,,,,,,
Sailfish,DEseq2,Up,FBtr0334147,,,,,,,,,
Sailfish,DEseq2,Up,FBtr0078069,,,,,,,,,
Sailfish,DEseq2,Up,FBtr0078841,,,,,,,,,
Sailfish,DEseq2,Up,FBtr0088399,,,,,,,,,
Sailfish,DEseq2,Up,FBtr0089486,,,,,,,,,
Sailfish,DEseq2,Up,FBtr0089487,,,,,,,,,
Sailfish,DEseq2,Up,FBtr0301824,,,,,,,,,
Sailfish,DEseq2,Up,FBtr0081362,,,,,,,,,
Sailfish,DEseq2,Up,FBtr0340190,,,,,,,,,
Sailfish,DEseq2,Up,FBtr0336697,,,,,,,,,
Sailfish,DEseq2,Up,FBtr0087617,,,,,,,,,
Sailfish,DEseq2,Up,FBtr0301964,,,,,,,,,
Sailfish,DEseq2,Up,FBtr0334561,,,,,,,,,
Sailfish,DEseq2,Up,FBtr0070458,,,,,,,,,
Sailfish,DEseq2,Up,FBtr0334883,,,,,,,,,
Sailfish,DEseq2,Up,FBtr0073839,,,,,,,,,
Sailfish,DEseq2,Up,FBtr0302291,,,,,,,,,
Sailfish,DEseq2,Up,FBtr0310643,,,,,,,,,
Sailfish,DEseq2,Up,FBtr0114584,,,,,,,,,
Sailfish,DEseq2,Up,FBtr0075928,,,,,,,,,
Sailfish,DEseq2,Up,FBtr0113200,,,,,,,,,
Sailfish,DEseq2,Up,FBtr0081614,,,,,,,,,
Sailfish,DEseq2,Up,FBtr0087258,,,,,,,,,
Sailfish,DEseq2,Up,FBtr0310064,,,,,,,,,
Sailfish,DEseq2,Up,FBtr0089263,,,,,,,,,
Sailfish,DEseq2,Up,FBtr0304914,,,,,,,,,
Sailfish,DEseq2,Up,FBtr0071599,,,,,,,,,
Sailfish,DEseq2,Up,FBtr0086170,,,,,,,,,
Sailfish,DEseq2,Up,FBtr0329949,,,,,,,,,
Sailfish,DEseq2,Up,FBtr0072102,,,,,,,,,
Sailfish,DEseq2,Up,FBtr0335183,,,,,,,,,
Sailfish,DEseq2,Up,FBtr0335180,,,,,,,,,
Sailfish,DEseq2,Up,FBtr0332125,,,,,,,,,
Sailfish,DEseq2,Up,FBtr0075554,,,,,,,,,
Sailfish,DEseq2,Up,FBtr0330176,,,,,,,,,
Sailfish,DEseq2,Up,FBtr0088663,,,,,,,,,
Sailfish,DEseq2,Up,FBtr0308644,,,,,,,,,
Sailfish,DEseq2,Up,FBtr0084868,,,,,,,,,
Sailfish,DEseq2,Up,FBtr0070392,,,,,,,,,
Sailfish,DEseq2,Up,FBtr0339428,,,,,,,,,
Sailfish,DEseq2,Up,FBtr0071535,,,,,,,,,
Sailfish,DEseq2,Up,FBtr0330729,,,,,,,,,
Sailfish,DEseq2,Up,FBtr0072712,,,,,,,,,
Sailfish,DEseq2,Up,FBtr0082889,,,,,,,,,
Sailfish,DEseq2,Up,FBtr0304613,,,,,,,,,
Sailfish,DEseq2,Up,FBtr0110921,,,,,,,,,
Sailfish,DEseq2,Up,FBtr0344560,,,,,,,,,
Sailfish,DEseq2,Up,FBtr0332963,,,,,,,,,
Sailfish,DEseq2,Up,FBtr0303709,,,,,,,,,
Sailfish,DEseq2,Up,FBtr0346541,,,,,,,,,
Sailfish,DEseq2,Up,FBtr0076454,,,,,,,,,
Sailfish,DEseq2,Up,FBtr0333071,,,,,,,,,
Sailfish,DEseq2,Up,FBtr0075541,,,,,,,,,
Sailfish,DEseq2,Up,FBtr0082017,,,,,,,,,
Sailfish,DEseq2,Up,FBtr0344873,,,,,,,,,
Sailfish,DEseq2,Up,FBtr0089934,,,,,,,,,
Sailfish,DEseq2,Up,FBtr0100470,,,,,,,,,
Sailfish,DEseq2,Up,FBtr0343189,,,,,,,,,
Sailfish,DEseq2,Up,FBtr0073619,,,,,,,,,
Sailfish,DEseq2,Up,FBtr0333334,,,,,,,,,
Sailfish,DEseq2,Up,FBtr0088266,,,,,,,,,
Sailfish,DEseq2,Up,FBtr0112735,,,,,,,,,
Sailfish,DEseq2,Up,FBtr0304665,,,,,,,,,
Sailfish,DEseq2,Up,FBtr0302453,,,,,,,,,
Sailfish,DEseq2,Up,FBtr0344608,,,,,,,,,
Sailfish,DEseq2,Up,FBtr0079199,,,,,,,,,
Sailfish,DEseq2,Up,FBtr0331664,,,,,,,,,
Sailfish,DEseq2,Up,FBtr0331663,,,,,,,,,
Sailfish,DEseq2,Up,FBtr0078346,,,,,,,,,
Sailfish,DEseq2,Up,FBtr0073426,,,,,,,,,
Sailfish,DEseq2,Up,FBtr0073425,,,,,,,,,
Sailfish,DEseq2,Up,FBtr0073292,,,,,,,,,
Sailfish,DEseq2,Up,FBtr0071849,,,,,,,,,
Sailfish,DEseq2,Up,FBtr0077644,,,,,,,,,
Sailfish,DEseq2,Up,FBtr0301487,,,,,,,,,
Sailfish,DEseq2,Up,FBtr0089581,,,,,,,,,
Sailfish,DEseq2,Up,FBtr0330651,,,,,,,,,
Sailfish,DEseq2,Up,FBtr0300649,,,,,,,,,
Sailfish,DEseq2,Up,FBtr0310621,,,,,,,,,
Sailfish,DEseq2,Up,FBtr0336667,,,,,,,,,
Sailfish,DEseq2,Up,FBtr0332720,,,,,,,,,
Sailfish,DEseq2,Up,FBtr0081353,,,,,,,,,
Sailfish,DEseq2,Up,FBtr0301884,,,,,,,,,
Sailfish,DEseq2,Up,FBtr0339563,,,,,,,,,
Sailfish,DEseq2,Up,FBtr0072957,,,,,,,,,
Sailfish,DEseq2,Up,FBtr0089091,,,,,,,,,
Sailfish,DEseq2,Up,FBtr0079061,,,,,,,,,
Sailfish,DEseq2,Up,FBtr0299837,,,,,,,,,
Sailfish,DEseq2,Up,FBtr0472696,,,,,,,,,
Sailfish,DEseq2,Up,FBtr0086280,,,,,,,,,
Sailfish,DEseq2,Up,FBtr0308823,,,,,,,,,
Sailfish,DEseq2,Up,FBtr0072642,,,,,,,,,
Sailfish,DEseq2,Up,FBtr0343016,,,,,,,,,
Sailfish,DEseq2,Up,FBtr0071613,,,,,,,,,
Sailfish,DEseq2,Up,FBtr0088136,,,,,,,,,
Sailfish,DEseq2,Up,FBtr0302091,,,,,,,,,
Sailfish,DEseq2,Up,FBtr0342814,,,,,,,,,
Sailfish,DEseq2,Up,FBtr0342813,,,,,,,,,
Sailfish,DEseq2,Up,FBtr0342810,,,,,,,,,
Sailfish,DEseq2,Up,FBtr0342806,,,,,,,,,
Sailfish,DEseq2,Up,FBtr0342805,,,,,,,,,
Sailfish,DEseq2,Up,FBtr0342818,,,,,,,,,
Sailfish,DEseq2,Up,FBtr0340405,,,,,,,,,
Sailfish,DEseq2,Up,FBtr0346627,,,,,,,,,
Sailfish,DEseq2,Up,FBtr0076772,,,,,,,,,
Sailfish,DEseq2,Up,FBtr0305063,,,,,,,,,
Sailfish,DEseq2,Up,FBtr0300815,,,,,,,,,
Sailfish,DEseq2,Up,FBtr0334846,,,,,,,,,
Sailfish,DEseq2,Up,FBtr0075558,,,,,,,,,
Sailfish,DEseq2,Up,FBtr0299564,,,,,,,,,
Sailfish,DEseq2,Up,FBtr0335475,,,,,,,,,
Sailfish,DEseq2,Up,FBtr0080263,,,,,,,,,
Sailfish,DEseq2,Up,FBtr0301850,,,,,,,,,
Sailfish,DEseq2,Up,FBtr0301851,,,,,,,,,
Sailfish,DEseq2,Up,FBtr0088895,,,,,,,,,
Sailfish,DEseq2,Up,FBtr0346713,,,,,,,,,
Sailfish,DEseq2,Up,FBtr0337016,,,,,,,,,
Sailfish,DEseq2,Up,FBtr0090014,,,,,,,,,
Sailfish,DEseq2,Up,FBtr0347568,,,,,,,,,
Sailfish,DEseq2,Up,FBtr0347567,,,,,,,,,
Sailfish,DEseq2,Up,FBtr0110876,,,,,,,,,
Sailfish,DEseq2,Up,FBtr0077828,,,,,,,,,
Sailfish,DEseq2,Up,FBtr0333726,,,,,,,,,
Sailfish,DEseq2,Up,FBtr0332581,,,,,,,,,
Sailfish,DEseq2,Up,FBtr0075264,,,,,,,,,
Sailfish,DEseq2,Up,FBtr0332911,,,,,,,,,
Sailfish,DEseq2,Up,FBtr0086506,,,,,,,,,
Sailfish,DEseq2,Up,FBtr0071246,,,,,,,,,
Sailfish,DEseq2,Up,FBtr0339825,,,,,,,,,
Sailfish,DEseq2,Up,FBtr0100298,,,,,,,,,
Sailfish,DEseq2,Up,FBtr0304802,,,,,,,,,
Sailfish,DEseq2,Up,FBtr0088052,,,,,,,,,
Sailfish,DEseq2,Up,FBtr0085155,,,,,,,,,
Sailfish,DEseq2,Up,FBtr0333219,,,,,,,,,
Sailfish,DEseq2,Up,FBtr0301492,,,,,,,,,
Sailfish,DEseq2,Up,FBtr0070966,,,,,,,,,
Sailfish,DEseq2,Up,FBtr0342607,,,,,,,,,
Sailfish,DEseq2,Up,FBtr0113380,,,,,,,,,
Sailfish,DEseq2,Up,FBtr0345429,,,,,,,,,
Sailfish,DEseq2,Up,FBtr0308564,,,,,,,,,
Sailfish,DEseq2,Up,FBtr0100575,,,,,,,,,
Sailfish,DEseq2,Up,FBtr0302034,,,,,,,,,
Sailfish,DEseq2,Up,FBtr0302577,,,,,,,,,
Sailfish,DEseq2,Up,FBtr0077247,,,,,,,,,
Sailfish,DEseq2,Up,FBtr0076263,,,,,,,,,
Sailfish,DEseq2,Up,FBtr0080942,,,,,,,,,
Sailfish,DEseq2,Up,FBtr0074872,,,,,,,,,
Sailfish,DEseq2,Up,FBtr0344790,,,,,,,,,
Sailfish,DEseq2,Up,FBtr0076935,,,,,,,,,
Sailfish,DEseq2,Up,FBtr0335263,,,,,,,,,
Sailfish,DEseq2,Up,FBtr0089716,,,,,,,,,
Sailfish,DEseq2,Up,FBtr0310668,,,,,,,,,
Sailfish,DEseq2,Up,FBtr0310669,,,,,,,,,
Sailfish,DEseq2,Up,FBtr0302561,,,,,,,,,
Sailfish,DEseq2,Up,FBtr0347024,,,,,,,,,
Sailfish,DEseq2,Up,FBtr0332202,,,,,,,,,
Sailfish,DEseq2,Up,FBtr0330306,,,,,,,,,
Sailfish,DEseq2,Up,FBtr0301708,,,,,,,,,
Sailfish,DEseq2,Up,FBtr0074777,,,,,,,,,
Sailfish,DEseq2,Up,FBtr0332403,,,,,,,,,
Sailfish,DEseq2,Up,FBtr0303385,,,,,,,,,
Sailfish,DEseq2,Up,FBtr0302548,,,,,,,,,
Sailfish,DEseq2,Up,FBtr0112706,,,,,,,,,
Sailfish,DEseq2,Up,FBtr0345070,,,,,,,,,
Sailfish,DEseq2,Up,FBtr0336676,,,,,,,,,
Sailfish,DEseq2,Up,FBtr0345069,,,,,,,,,
Sailfish,DEseq2,Up,FBtr0078136,,,,,,,,,
Sailfish,DEseq2,Up,FBtr0087369,,,,,,,,,
Sailfish,DEseq2,Up,FBtr0113129,,,,,,,,,
Sailfish,DEseq2,Up,FBtr0077479,,,,,,,,,
Sailfish,DEseq2,Up,FBtr0087493,,,,,,,,,
Sailfish,DEseq2,Up,FBtr0305073,,,,,,,,,
Sailfish,DEseq2,Up,FBtr0290026,,,,,,,,,
Sailfish,DEseq2,Up,FBtr0290078,,,,,,,,,
Sailfish,DEseq2,Up,FBtr0086555,,,,,,,,,
Sailfish,DEseq2,Up,FBtr0334633,,,,,,,,,
Sailfish,DEseq2,Up,FBtr0330225,,,,,,,,,
Sailfish,DEseq2,Up,FBtr0085987,,,,,,,,,
Sailfish,DEseq2,Up,FBtr0302712,,,,,,,,,
Sailfish,DEseq2,Up,FBtr0333043,,,,,,,,,
Sailfish,DEseq2,Up,FBtr0071004,,,,,,,,,
Sailfish,DEseq2,Up,FBtr0344978,,,,,,,,,
Sailfish,DEseq2,Up,FBtr0076364,,,,,,,,,
Sailfish,DEseq2,Up,FBtr0334404,,,,,,,,,
Sailfish,DEseq2,Up,FBtr0334405,,,,,,,,,
Sailfish,DEseq2,Up,FBtr0332003,,,,,,,,,
Sailfish,DEseq2,Up,FBtr0333073,,,,,,,,,
Sailfish,DEseq2,Up,FBtr0089516,,,,,,,,,
Sailfish,DEseq2,Up,FBtr0339959,,,,,,,,,
Sailfish,DEseq2,Up,FBtr0306239,,,,,,,,,
Sailfish,DEseq2,Up,FBtr0081619,,,,,,,,,
Sailfish,DEseq2,Up,FBtr0301372,,,,,,,,,
Sailfish,DEseq2,Up,FBtr0343342,,,,,,,,,
Sailfish,DEseq2,Up,FBtr0085000,,,,,,,,,
Sailfish,DEseq2,Up,FBtr0085001,,,,,,,,,
Sailfish,DEseq2,Up,FBtr0114544,,,,,,,,,
Sailfish,DEseq2,Up,FBtr0339520,,,,,,,,,
Sailfish,DEseq2,Up,FBtr0310673,,,,,,,,,
Sailfish,DEseq2,Up,FBtr0112994,,,,,,,,,
Sailfish,DEseq2,Up,FBtr0113323,,,,,,,,,
Sailfish,DEseq2,Up,FBtr0080382,,,,,,,,,
Sailfish,DEseq2,Up,FBtr0111054,,,,,,,,,
Sailfish,DEseq2,Up,FBtr0111065,,,,,,,,,
Sailfish,DEseq2,Up,FBtr0072767,,,,,,,,,
Sailfish,DEseq2,Up,FBtr0084601,,,,,,,,,
Sailfish,DEseq2,Up,FBtr0309096,,,,,,,,,
Sailfish,DEseq2,Up,FBtr0076500,,,,,,,,,
Sailfish,DEseq2,Up,FBtr0089349,,,,,,,,,
Sailfish,DEseq2,Up,FBtr0085899,,,,,,,,,
Sailfish,DEseq2,Up,FBtr0303148,,,,,,,,,
Sailfish,DEseq2,Up,FBtr0087089,,,,,,,,,
Sailfish,DEseq2,Up,FBtr0087090,,,,,,,,,
Sailfish,DEseq2,Up,FBtr0086474,,,,,,,,,
Sailfish,DEseq2,Up,FBtr0302905,,,,,,,,,
Sailfish,DEseq2,Up,FBtr0339682,,,,,,,,,
Sailfish,DEseq2,Up,FBtr0273412,,,,,,,,,
Sailfish,DEseq2,Up,FBtr0344989,,,,,,,,,
Sailfish,DEseq2,Up,FBtr0333657,,,,,,,,,
Sailfish,DEseq2,Up,FBtr0077831,,,,,,,,,
Sailfish,DEseq2,Up,FBtr0299920,,,,,,,,,
Sailfish,DEseq2,Up,FBtr0332038,,,,,,,,,
Sailfish,DEseq2,Up,FBtr0074745,,,,,,,,,
Sailfish,DEseq2,Up,FBtr0080592,,,,,,,,,
Sailfish,DEseq2,Up,FBtr0076496,,,,,,,,,
Sailfish,DEseq2,Up,FBtr0100461,,,,,,,,,
Sailfish,DEseq2,Up,FBtr0332847,,,,,,,,,
Sailfish,DEseq2,Up,FBtr0273416,,,,,,,,,
Sailfish,DEseq2,Up,FBtr0303750,,,,,,,,,
Sailfish,DEseq2,Up,FBtr0330145,,,,,,,,,
Sailfish,DEseq2,Up,FBtr0306087,,,,,,,,,
Sailfish,DEseq2,Up,FBtr0333058,,,,,,,,,
Sailfish,DEseq2,Up,FBtr0076668,,,,,,,,,
Sailfish,DEseq2,Up,FBtr0330679,,,,,,,,,
Sailfish,DEseq2,Up,FBtr0333013,,,,,,,,,
Sailfish,DEseq2,Up,FBtr0300889,,,,,,,,,
Sailfish,DEseq2,Up,FBtr0073422,,,,,,,,,
Sailfish,DEseq2,Up,FBtr0308621,,,,,,,,,
Sailfish,DEseq2,Up,FBtr0339974,,,,,,,,,
Sailfish,DEseq2,Up,FBtr0332836,,,,,,,,,
Sailfish,DEseq2,Up,FBtr0072506,,,,,,,,,
Sailfish,DEseq2,Up,FBtr0301143,,,,,,,,,
Sailfish,DEseq2,Up,FBtr0085252,,,,,,,,,
Sailfish,DEseq2,Up,FBtr0339629,,,,,,,,,
Sailfish,DEseq2,Up,FBtr0332589,,,,,,,,,
Sailfish,DEseq2,Up,FBtr0336659,,,,,,,,,
Sailfish,DEseq2,Up,FBtr0112808,,,,,,,,,
Sailfish,DEseq2,Up,FBtr0333852,,,,,,,,,
Sailfish,DEseq2,Up,FBtr0344967,,,,,,,,,
Sailfish,DEseq2,Up,FBtr0113386,,,,,,,,,
Sailfish,DEseq2,Up,FBtr0347200,,,,,,,,,
Sailfish,DEseq2,Up,FBtr0301501,,,,,,,,,
Sailfish,DEseq2,Up,FBtr0332604,,,,,,,,,
Sailfish,DEseq2,Up,FBtr0082057,,,,,,,,,
Sailfish,DEseq2,Up,FBtr0087870,,,,,,,,,
Sailfish,DEseq2,Up,FBtr0339418,,,,,,,,,
Sailfish,DEseq2,Up,FBtr0339696,,,,,,,,,
Sailfish,DEseq2,Up,FBtr0343517,,,,,,,,,
Sailfish,DEseq2,Up,FBtr0301212,,,,,,,,,
Sailfish,DEseq2,Up,FBtr0091719,,,,,,,,,
Sailfish,DEseq2,Up,FBtr0306576,,,,,,,,,
Sailfish,DEseq2,Up,FBtr0340125,,,,,,,,,
Sailfish,DEseq2,Up,FBtr0085307,,,,,,,,,
Sailfish,DEseq2,Up,FBtr0303046,,,,,,,,,
Sailfish,DEseq2,Up,FBtr0334078,,,,,,,,,
Sailfish,DEseq2,Up,FBtr0301337,,,,,,,,,
Sailfish,DESeq2,Down,FBtr0072393,,,,,,,,,
Sailfish,DESeq2,Down,FBtr0087390,,,,,,,,,
Sailfish,DESeq2,Down,FBtr0332862,,,,,,,,,
Sailfish,DESeq2,Down,FBtr0343633,,,,,,,,,
Sailfish,DESeq2,Down,FBtr0332726,,,,,,,,,
Sailfish,DESeq2,Down,FBtr0273385,,,,,,,,,
Sailfish,DESeq2,Down,FBtr0344824,,,,,,,,,
Sailfish,DESeq2,Down,FBtr0079708,,,,,,,,,
Sailfish,DESeq2,Down,FBtr0076218,,,,,,,,,
Sailfish,DESeq2,Down,FBtr0336736,,,,,,,,,
Sailfish,DESeq2,Down,FBtr0344277,,,,,,,,,
Sailfish,DESeq2,Down,FBtr0078384,,,,,,,,,
Sailfish,DESeq2,Down,FBtr0112501,,,,,,,,,
Sailfish,DESeq2,Down,FBtr0333671,,,,,,,,,
Sailfish,DESeq2,Down,FBtr0308827,,,,,,,,,
Sailfish,DESeq2,Down,FBtr0290281,,,,,,,,,
Sailfish,DESeq2,Down,FBtr0100643,,,,,,,,,
Sailfish,DESeq2,Down,FBtr0082183,,,,,,,,,
Sailfish,DESeq2,Down,FBtr0087308,,,,,,,,,
Sailfish,DESeq2,Down,FBtr0087307,,,,,,,,,
Sailfish,DESeq2,Down,FBtr0071835,,,,,,,,,
Sailfish,DESeq2,Down,FBtr0085126,,,,,,,,,
Sailfish,DESeq2,Down,FBtr0301000,,,,,,,,,
Sailfish,DESeq2,Down,FBtr0070393,,,,,,,,,
Sailfish,DESeq2,Down,FBtr0334762,,,,,,,,,
Sailfish,DESeq2,Down,FBtr0334279,,,,,,,,,
Sailfish,DESeq2,Down,FBtr0336467,,,,,,,,,
Sailfish,DESeq2,Down,FBtr0290320,,,,,,,,,
Sailfish,DESeq2,Down,FBtr0077560,,,,,,,,,
Sailfish,DESeq2,Down,FBtr0085377,,,,,,,,,
Sailfish,DESeq2,Down,FBtr0072967,,,,,,,,,
Sailfish,DESeq2,Down,FBtr0112885,,,,,,,,,
Sailfish,DESeq2,Down,FBtr0089963,,,,,,,,,
Sailfish,DESeq2,Down,FBtr0339643,,,,,,,,,
Sailfish,DESeq2,Down,FBtr0307016,,,,,,,,,
Sailfish,DESeq2,Down,FBtr0072722,,,,,,,,,
Sailfish,DESeq2,Down,FBtr0300190,,,,,,,,,
Sailfish,DESeq2,Down,FBtr0305668,,,,,,,,,
Sailfish,DESeq2,Down,FBtr0333119,,,,,,,,,
Sailfish,DESeq2,Down,FBtr0074916,,,,,,,,,
Sailfish,DESeq2,Down,FBtr0080838,,,,,,,,,
Sailfish,DESeq2,Down,FBtr0078811,,,,,,,,,
Sailfish,DESeq2,Down,FBtr0085755,,,,,,,,,
Sailfish,DESeq2,Down,FBtr0308638,,,,,,,,,
Sailfish,DESeq2,Down,FBtr0073187,,,,,,,,,
Sailfish,DESeq2,Down,FBtr0083252,,,,,,,,,
Sailfish,DESeq2,Down,FBtr0302323,,,,,,,,,
Sailfish,DESeq2,Down,FBtr0112920,,,,,,,,,
Sailfish,DESeq2,Down,FBtr0273370,,,,,,,,,
Sailfish,DESeq2,Down,FBtr0088370,,,,,,,,,
Sailfish,DESeq2,Down,FBtr0086530,,,,,,,,,
Sailfish,DESeq2,Down,FBtr0344438,,,,,,,,,
Sailfish,DESeq2,Down,FBtr0112851,,,,,,,,,
Sailfish,DESeq2,Down,FBtr0333662,,,,,,,,,
Sailfish,DESeq2,Down,FBtr0081008,,,,,,,,,
Sailfish,DESeq2,Down,FBtr0089937,,,,,,,,,
Sailfish,DESeq2,Down,FBtr0083613,,,,,,,,,
Sailfish,DESeq2,Down,FBtr0087004,,,,,,,,,
Sailfish,DESeq2,Down,FBtr0100375,,,,,,,,,
Sailfish,DESeq2,Down,FBtr0334585,,,,,,,,,
Sailfish,DESeq2,Down,FBtr0100457,,,,,,,,,
Sailfish,DESeq2,Down,FBtr0089484,,,,,,,,,
Sailfish,DESeq2,Down,FBtr0345036,,,,,,,,,
Sailfish,DESeq2,Down,FBtr0308034,,,,,,,,,
Sailfish,DESeq2,Down,FBtr0088902,,,,,,,,,
Sailfish,DESeq2,Down,FBtr0310647,,,,,,,,,
Sailfish,DESeq2,Down,FBtr0100352,,,,,,,,,
Sailfish,DESeq2,Down,FBtr0087621,,,,,,,,,
Sailfish,DESeq2,Down,FBtr0304053,,,,,,,,,
Sailfish,DESeq2,Down,FBtr0070725,,,,,,,,,
Sailfish,DESeq2,Down,FBtr0301450,,,,,,,,,
Sailfish,DESeq2,Down,FBtr0112532,,,,,,,,,
Sailfish,DESeq2,Down,FBtr0303756,,,,,,,,,
Sailfish,DESeq2,Down,FBtr0070457,,,,,,,,,
Sailfish,DESeq2,Down,FBtr0306255,,,,,,,,,
Sailfish,DESeq2,Down,FBtr0085323,,,,,,,,,
Sailfish,DESeq2,Down,FBtr0075753,,,,,,,,,
Sailfish,DESeq2,Down,FBtr0333020,,,,,,,,,
Sailfish,DESeq2,Down,FBtr0075297,,,,,,,,,
Sailfish,DESeq2,Down,FBtr0089877,,,,,,,,,
Sailfish,DESeq2,Down,FBtr0075927,,,,,,,,,
Sailfish,DESeq2,Down,FBtr0111030,,,,,,,,,
Sailfish,DESeq2,Down,FBtr0302692,,,,,,,,,
Sailfish,DESeq2,Down,FBtr0111028,,,,,,,,,
Sailfish,DESeq2,Down,FBtr0111029,,,,,,,,,
Sailfish,DESeq2,Down,FBtr0302694,,,,,,,,,
Sailfish,DESeq2,Down,FBtr0081504,,,,,,,,,
Sailfish,DESeq2,Down,FBtr0081527,,,,,,,,,
Sailfish,DESeq2,Down,FBtr0087257,,,,,,,,,
Sailfish,DESeq2,Down,FBtr0344230,,,,,,,,,
Sailfish,DESeq2,Down,FBtr0302645,,,,,,,,,
Sailfish,DESeq2,Down,FBtr0330263,,,,,,,,,
Sailfish,DESeq2,Down,FBtr0345896,,,,,,,,,
Sailfish,DESeq2,Down,FBtr0085094,,,,,,,,,
Sailfish,DESeq2,Down,FBtr0334309,,,,,,,,,
Sailfish,DESeq2,Down,FBtr0344403,,,,,,,,,
Sailfish,DESeq2,Down,FBtr0082139,,,,,,,,,
Sailfish,DESeq2,Down,FBtr0303787,,,,,,,,,
Sailfish,DESeq2,Down,FBtr0310055,,,,,,,,,
Sailfish,DESeq2,Down,FBtr0112878,,,,,,,,,
Sailfish,DESeq2,Down,FBtr0446106,,,,,,,,,
Sailfish,DESeq2,Down,FBtr0307520,,,,,,,,,
Sailfish,DESeq2,Down,FBtr0336616,,,,,,,,,
Sailfish,DESeq2,Down,FBtr0339755,,,,,,,,,
Sailfish,DESeq2,Down,FBtr0344439,,,,,,,,,
Sailfish,DESeq2,Down,FBtr0343418,,,,,,,,,
Sailfish,DESeq2,Down,FBtr0308065,,,,,,,,,
Sailfish,DESeq2,Down,FBtr0301403,,,,,,,,,
Sailfish,DESeq2,Down,FBtr0306244,,,,,,,,,
Sailfish,DESeq2,Down,FBtr0100595,,,,,,,,,
Sailfish,DESeq2,Down,FBtr0300265,,,,,,,,,
Sailfish,DESeq2,Down,FBtr0087295,,,,,,,,,
Sailfish,DESeq2,Down,FBtr0302938,,,,,,,,,
Sailfish,DESeq2,Down,FBtr0084212,,,,,,,,,
Sailfish,DESeq2,Down,FBtr0306107,,,,,,,,,
Sailfish,DESeq2,Down,FBtr0330159,,,,,,,,,
Sailfish,DESeq2,Down,FBtr0339081,,,,,,,,,
Sailfish,DESeq2,Down,FBtr0084447,,,,,,,,,
Sailfish,DESeq2,Down,FBtr0087533,,,,,,,,,
Sailfish,DESeq2,Down,FBtr0330730,,,,,,,,,
Sailfish,DESeq2,Down,FBtr0345071,,,,,,,,,
Sailfish,DESeq2,Down,FBtr0072087,,,,,,,,,
Sailfish,DESeq2,Down,FBtr0304621,,,,,,,,,
Sailfish,DESeq2,Down,FBtr0330331,,,,,,,,,
Sailfish,DESeq2,Down,FBtr0087789,,,,,,,,,
Sailfish,DESeq2,Down,FBtr0290019,,,,,,,,,
Sailfish,DESeq2,Down,FBtr0330269,,,,,,,,,
Sailfish,DESeq2,Down,FBtr0332529,,,,,,,,,
Sailfish,DESeq2,Down,FBtr0073615,,,,,,,,,
Sailfish,DESeq2,Down,FBtr0330118,,,,,,,,,
Sailfish,DESeq2,Down,FBtr0100656,,,,,,,,,
Sailfish,DESeq2,Down,FBtr0074715,,,,,,,,,
Sailfish,DESeq2,Down,FBtr0079077,,,,,,,,,
Sailfish,DESeq2,Down,FBtr0300599,,,,,,,,,
Sailfish,DESeq2,Down,FBtr0343424,,,,,,,,,
Sailfish,DESeq2,Down,FBtr0306930,,,,,,,,,
Sailfish,DESeq2,Down,FBtr0333912,,,,,,,,,
Sailfish,DESeq2,Down,FBtr0302615,,,,,,,,,
Sailfish,DESeq2,Down,FBtr0299830,,,,,,,,,
Sailfish,DESeq2,Down,FBtr0301131,,,,,,,,,
Sailfish,DESeq2,Down,FBtr0088342,,,,,,,,,
Sailfish,DESeq2,Down,FBtr0088996,,,,,,,,,
Sailfish,DESeq2,Down,FBtr0077645,,,,,,,,,
Sailfish,DESeq2,Down,FBtr0273230,,,,,,,,,
Sailfish,DESeq2,Down,FBtr0335024,,,,,,,,,
Sailfish,DESeq2,Down,FBtr0080589,,,,,,,,,
Sailfish,DESeq2,Down,FBtr0073393,,,,,,,,,
Sailfish,DESeq2,Down,FBtr0339234,,,,,,,,,
Sailfish,DESeq2,Down,FBtr0081352,,,,,,,,,
Sailfish,DESeq2,Down,FBtr0081354,,,,,,,,,
Sailfish,DESeq2,Down,FBtr0303445,,,,,,,,,
Sailfish,DESeq2,Down,FBtr0072956,,,,,,,,,
Sailfish,DESeq2,Down,FBtr0304995,,,,,,,,,
Sailfish,DESeq2,Down,FBtr0304993,,,,,,,,,
Sailfish,DESeq2,Down,FBtr0304997,,,,,,,,,
Sailfish,DESeq2,Down,FBtr0084958,,,,,,,,,
Sailfish,DESeq2,Down,FBtr0078144,,,,,,,,,
Sailfish,DESeq2,Down,FBtr0071934,,,,,,,,,
Sailfish,DESeq2,Down,FBtr0334867,,,,,,,,,
Sailfish,DESeq2,Down,FBtr0345142,,,,,,,,,
Sailfish,DESeq2,Down,FBtr0078937,,,,,,,,,
Sailfish,DESeq2,Down,FBtr0301766,,,,,,,,,
Sailfish,DESeq2,Down,FBtr0083967,,,,,,,,,
Sailfish,DESeq2,Down,FBtr0070985,,,,,,,,,
Sailfish,DESeq2,Down,FBtr0078083,,,,,,,,,
Sailfish,DESeq2,Down,FBtr0074276,,,,,,,,,
Sailfish,DESeq2,Down,FBtr0342811,,,,,,,,,
Sailfish,DESeq2,Down,FBtr0342815,,,,,,,,,
Sailfish,DESeq2,Down,FBtr0343050,,,,,,,,,
Sailfish,DESeq2,Down,FBtr0085209,,,,,,,,,
Sailfish,DESeq2,Down,FBtr0329957,,,,,,,,,
Sailfish,DESeq2,Down,FBtr0329955,,,,,,,,,
Sailfish,DESeq2,Down,FBtr0076771,,,,,,,,,
Sailfish,DESeq2,Down,FBtr0076417,,,,,,,,,
Sailfish,DESeq2,Down,FBtr0302732,,,,,,,,,
Sailfish,DESeq2,Down,FBtr0113451,,,,,,,,,
Sailfish,DESeq2,Down,FBtr0345249,,,,,,,,,
Sailfish,DESeq2,Down,FBtr0075811,,,,,,,,,
Sailfish,DESeq2,Down,FBtr0334849,,,,,,,,,
Sailfish,DESeq2,Down,FBtr0082812,,,,,,,,,
Sailfish,DESeq2,Down,FBtr0077707,,,,,,,,,
Sailfish,DESeq2,Down,FBtr0082094,,,,,,,,,
Sailfish,DESeq2,Down,FBtr0090028,,,,,,,,,
Sailfish,DESeq2,Down,FBtr0300415,,,,,,,,,
Sailfish,DESeq2,Down,FBtr0308201,,,,,,,,,
Sailfish,DESeq2,Down,FBtr0075039,,,,,,,,,
Sailfish,DESeq2,Down,FBtr0332089,,,,,,,,,
Sailfish,DESeq2,Down,FBtr0334327,,,,,,,,,
Sailfish,DESeq2,Down,FBtr0334328,,,,,,,,,
Sailfish,DESeq2,Down,FBtr0339189,,,,,,,,,
Sailfish,DESeq2,Down,FBtr0075266,,,,,,,,,
Sailfish,DESeq2,Down,FBtr0079648,,,,,,,,,
Sailfish,DESeq2,Down,FBtr0333595,,,,,,,,,
Sailfish,DESeq2,Down,FBtr0290076,,,,,,,,,
Sailfish,DESeq2,Down,FBtr0299968,,,,,,,,,
Sailfish,DESeq2,Down,FBtr0340709,,,,,,,,,
Sailfish,DESeq2,Down,FBtr0087930,,,,,,,,,
Sailfish,DESeq2,Down,FBtr0331642,,,,,,,,,
Sailfish,DESeq2,Down,FBtr0085156,,,,,,,,,
Sailfish,DESeq2,Down,FBtr0081211,,,,,,,,,
Sailfish,DESeq2,Down,FBtr0100449,,,,,,,,,
Sailfish,DESeq2,Down,FBtr0081213,,,,,,,,,
Sailfish,DESeq2,Down,FBtr0070965,,,,,,,,,
Sailfish,DESeq2,Down,FBtr0310438,,,,,,,,,
Sailfish,DESeq2,Down,FBtr0336904,,,,,,,,,
Sailfish,DESeq2,Down,FBtr0075204,,,,,,,,,
Sailfish,DESeq2,Down,FBtr0301915,,,,,,,,,
Sailfish,DESeq2,Down,FBtr0088774,,,,,,,,,
Sailfish,DESeq2,Down,FBtr0306616,,,,,,,,,
Sailfish,DESeq2,Down,FBtr0113470,,,,,,,,,
Sailfish,DESeq2,Down,FBtr0339144,,,,,,,,,
Sailfish,DESeq2,Down,FBtr0306233,,,,,,,,,
Sailfish,DESeq2,Down,FBtr0289981,,,,,,,,,
Sailfish,DESeq2,Down,FBtr0073527,,,,,,,,,
Sailfish,DESeq2,Down,FBtr0332999,,,,,,,,,
Sailfish,DESeq2,Down,FBtr0333625,,,,,,,,,
Sailfish,DESeq2,Down,FBtr0088337,,,,,,,,,
Sailfish,DESeq2,Down,FBtr0089649,,,,,,,,,
Sailfish,DESeq2,Down,FBtr0308642,,,,,,,,,
Sailfish,DESeq2,Down,FBtr0082615,,,,,,,,,
Sailfish,DESeq2,Down,FBtr0071240,,,,,,,,,
Sailfish,DESeq2,Down,FBtr0088224,,,,,,,,,
Sailfish,DESeq2,Down,FBtr0080565,,,,,,,,,
Sailfish,DESeq2,Down,FBtr0073531,,,,,,,,,
Sailfish,DESeq2,Down,FBtr0332203,,,,,,,,,
Sailfish,DESeq2,Down,FBtr0079667,,,,,,,,,
Sailfish,DESeq2,Down,FBtr0303387,,,,,,,,,
Sailfish,DESeq2,Down,FBtr0332405,,,,,,,,,
Sailfish,DESeq2,Down,FBtr0303389,,,,,,,,,
Sailfish,DESeq2,Down,FBtr0303384,,,,,,,,,
Sailfish,DESeq2,Down,FBtr0332046,,,,,,,,,
Sailfish,DESeq2,Down,FBtr0079148,,,,,,,,,
Sailfish,DESeq2,Down,FBtr0310034,,,,,,,,,
Sailfish,DESeq2,Down,FBtr0303205,,,,,,,,,
Sailfish,DESeq2,Down,FBtr0307900,,,,,,,,,
Sailfish,DESeq2,Down,FBtr0310653,,,,,,,,,
Sailfish,DESeq2,Down,FBtr0077234,,,,,,,,,
Sailfish,DESeq2,Down,FBtr0077235,,,,,,,,,
Sailfish,DESeq2,Down,FBtr0303994,,,,,,,,,
Sailfish,DESeq2,Down,FBtr0088521,,,,,,,,,
Sailfish,DESeq2,Down,FBtr0332930,,,,,,,,,
Sailfish,DESeq2,Down,FBtr0290025,,,,,,,,,
Sailfish,DESeq2,Down,FBtr0332142,,,,,,,,,
Sailfish,DESeq2,Down,FBtr0070265,,,,,,,,,
Sailfish,DESeq2,Down,FBtr0305218,,,,,,,,,
Sailfish,DESeq2,Down,FBtr0083764,,,,,,,,,
Sailfish,DESeq2,Down,FBtr0331683,,,,,,,,,
Sailfish,DESeq2,Down,FBtr0336620,,,,,,,,,
Sailfish,DESeq2,Down,FBtr0330019,,,,,,,,,
Sailfish,DESeq2,Down,FBtr0290077,,,,,,,,,
Sailfish,DESeq2,Down,FBtr0085735,,,,,,,,,
Sailfish,DESeq2,Down,FBtr0084054,,,,,,,,,
Sailfish,DESeq2,Down,FBtr0113357,,,,,,,,,
Sailfish,DESeq2,Down,FBtr0302713,,,,,,,,,
Sailfish,DESeq2,Down,FBtr0332500,,,,,,,,,
Sailfish,DESeq2,Down,FBtr0081004,,,,,,,,,
Sailfish,DESeq2,Down,FBtr0332317,,,,,,,,,
Sailfish,DESeq2,Down,FBtr0290327,,,,,,,,,
Sailfish,DESeq2,Down,FBtr0072561,,,,,,,,,
Sailfish,DESeq2,Down,FBtr0300039,,,,,,,,,
Sailfish,DESeq2,Down,FBtr0302592,,,,,,,,,
Sailfish,DESeq2,Down,FBtr0087115,,,,,,,,,
Sailfish,DESeq2,Down,FBtr0086272,,,,,,,,,
Sailfish,DESeq2,Down,FBtr0075173,,,,,,,,,
Sailfish,DESeq2,Down,FBtr0084963,,,,,,,,,
Sailfish,DESeq2,Down,FBtr0334553,,,,,,,,,
Sailfish,DESeq2,Down,FBtr0344703,,,,,,,,,
Sailfish,DESeq2,Down,FBtr0301278,,,,,,,,,
Sailfish,DESeq2,Down,FBtr0073269,,,,,,,,,
Sailfish,DESeq2,Down,FBtr0344179,,,,,,,,,
Sailfish,DESeq2,Down,FBtr0084549,,,,,,,,,
Sailfish,DESeq2,Down,FBtr0336759,,,,,,,,,
Sailfish,DESeq2,Down,FBtr0110971,,,,,,,,,
Sailfish,DESeq2,Down,FBtr0339493,,,,,,,,,
Sailfish,DESeq2,Down,FBtr0306657,,,,,,,,,
Sailfish,DESeq2,Down,FBtr0310661,,,,,,,,,
Sailfish,DESeq2,Down,FBtr0080932,,,,,,,,,
Sailfish,DESeq2,Down,FBtr0331931,,,,,,,,,
Sailfish,DESeq2,Down,FBtr0085997,,,,,,,,,
Sailfish,DESeq2,Down,FBtr0074337,,,,,,,,,
Sailfish,DESeq2,Down,FBtr0082158,,,,,,,,,
Sailfish,DESeq2,Down,FBtr0076459,,,,,,,,,
Sailfish,DESeq2,Down,FBtr0100652,,,,,,,,,
Sailfish,DESeq2,Down,FBtr0306158,,,,,,,,,
Sailfish,DESeq2,Down,FBtr0302297,,,,,,,,,
Sailfish,DESeq2,Down,FBtr0332057,,,,,,,,,
Sailfish,DESeq2,Down,FBtr0303857,,,,,,,,,
Sailfish,DESeq2,Down,FBtr0086670,,,,,,,,,
Sailfish,DESeq2,Down,FBtr0084229,,,,,,,,,
Sailfish,DESeq2,Down,FBtr0076135,,,,,,,,,
Sailfish,DESeq2,Down,FBtr0345487,,,,,,,,,
Sailfish,DESeq2,Down,FBtr0089361,,,,,,,,,
Sailfish,DESeq2,Down,FBtr0089348,,,,,,,,,
Sailfish,DESeq2,Down,FBtr0089359,,,,,,,,,
Sailfish,DESeq2,Down,FBtr0072864,,,,,,,,,
Sailfish,DESeq2,Down,FBtr0085423,,,,,,,,,
Sailfish,DESeq2,Down,FBtr0078389,,,,,,,,,
Sailfish,DESeq2,Down,FBtr0344353,,,,,,,,,
Sailfish,DESeq2,Down,FBtr0078430,,,,,,,,,
Sailfish,DESeq2,Down,FBtr0075077,,,,,,,,,
Sailfish,DESeq2,Down,FBtr0302322,,,,,,,,,
Sailfish,DESeq2,Down,FBtr0074432,,,,,,,,,
Sailfish,DESeq2,Down,FBtr0113291,,,,,,,,,
Sailfish,DESeq2,Down,FBtr0309828,,,,,,,,,
Sailfish,DESeq2,Down,FBtr0113011,,,,,,,,,
Sailfish,DESeq2,Down,FBtr0078191,,,,,,,,,
Sailfish,DESeq2,Down,FBtr0075354,,,,,,,,,
Sailfish,DESeq2,Down,FBtr0076250,,,,,,,,,
Sailfish,DESeq2,Down,FBtr0076541,,,,,,,,,
Sailfish,DESeq2,Down,FBtr0077972,,,,,,,,,
Sailfish,DESeq2,Down,FBtr0307057,,,,,,,,,
Sailfish,DESeq2,Down,FBtr0332503,,,,,,,,,
Sailfish,DESeq2,Down,FBtr0303749,,,,,,,,,
Sailfish,DESeq2,Down,FBtr0334011,,,,,,,,,
Sailfish,DESeq2,Down,FBtr0302896,,,,,,,,,
Sailfish,DESeq2,Down,FBtr0072410,,,,,,,,,
Sailfish,DESeq2,Down,FBtr0081484,,,,,,,,,
Sailfish,DESeq2,Down,FBtr0334282,,,,,,,,,
Sailfish,DESeq2,Down,FBtr0344549,,,,,,,,,
Sailfish,DESeq2,Down,FBtr0332042,,,,,,,,,
Sailfish,DESeq2,Down,FBtr0073421,,,,,,,,,
Sailfish,DESeq2,Down,FBtr0073423,,,,,,,,,
Sailfish,DESeq2,Down,FBtr0330722,,,,,,,,,
Sailfish,DESeq2,Down,FBtr0330725,,,,,,,,,
Sailfish,DESeq2,Down,FBtr0335521,,,,,,,,,
Sailfish,DESeq2,Down,FBtr0308631,,,,,,,,,
Sailfish,DESeq2,Down,FBtr0308633,,,,,,,,,
Sailfish,DESeq2,Down,FBtr0308627,,,,,,,,,
Sailfish,DESeq2,Down,FBtr0086617,,,,,,,,,
Sailfish,DESeq2,Down,FBtr0335012,,,,,,,,,
Sailfish,DESeq2,Down,FBtr0335013,,,,,,,,,
Sailfish,DESeq2,Down,FBtr0332260,,,,,,,,,
Sailfish,DESeq2,Down,FBtr0086926,,,,,,,,,
Sailfish,DESeq2,Down,FBtr0344847,,,,,,,,,
Sailfish,DESeq2,Down,FBtr0301500,,,,,,,,,
Sailfish,DESeq2,Down,FBtr0343358,,,,,,,,,
Sailfish,DESeq2,Down,FBtr0343580,,,,,,,,,
Sailfish,DESeq2,Down,FBtr0299526,,,,,,,,,
Sailfish,DESeq2,Down,FBtr0344980,,,,,,,,,
Sailfish,DESeq2,Down,FBtr0070284,,,,,,,,,
Sailfish,DESeq2,Down,FBtr0344861,,,,,,,,,
Sailfish,DESeq2,Down,FBtr0299967,,,,,,,,,
Sailfish,DESeq2,Down,FBtr0302498,,,,,,,,,
Sailfish,DESeq2,Down,FBtr0077466,,,,,,,,,
Sailfish,DESeq2,Down,FBtr0307289,,,,,,,,,
Sailfish,DESeq2,Down,FBtr0340289,,,,,,,,,
Sailfish,DESeq2,Down,FBtr0113190,,,,,,,,,